ID,Engagement Id,Comment
1,MART3892,"Nulla diam lectus, fermentum eget luctus vel, elementum vel"
2,MART2610,Quisque semper velit ac tristique egestas
3,MART1299,Donec venenatis porta quam id scelerisque
4,MART3327,Lorem ipsum dolor sit amet
5,PLUT7589,"Sed laoreet purus nibh, eget pretium sem viverra ac"
6,MART6885,Etiam vel sem urna
7,PLUT3138,Suspendisse pulvinar ante non ligula convallis tincidunt in nec
8,ALIE1414,"Aenean cursus, purus eu porta tinciduntEx diam mollis diam, in fermentum mauris odio vitae nisi"
9,SOLA9752,Integer imperdiet ante maximus est dignissim consequat
10,ALIE9313,At vero eos et accusamus et iusto odio dignissimos
11,URAN3552,Suspendisse pulvinar ante non ligula convallis tincidunt in nec
12,MERC3166,In non lobortis lorem
13,SOLA4316,Quisque semper velit ac tristique egestas
14,SOLA5460,Integer imperdiet ante maximus est dignissim consequat
15,ALIE2139,In non lobortis lorem
16,MART8178,Quisque semper velit ac tristique egestas
17,MERC4467,Donec venenatis porta quam id scelerisque
18,ALIE2388,Integer imperdiet ante maximus est dignissim consequat
19,URAN5330,Etiam vel sem urna
20,SOLA9752,Etiam vel sem urna
21,MERC6348,Integer imperdiet ante maximus est dignissim consequat
22,URAN3546,Suspendisse potenti
23,SOLA3779,Etiam eu arcu id arcu porta varius ac et nibh
24,URAN9404,Suspendisse pulvinar ante non ligula convallis tincidunt in nec
25,URAN2552,Suspendisse potenti
26,PLUT8983,"Aenean cursus, purus eu porta tinciduntEx diam mollis diam, in fermentum mauris odio vitae nisi"
27,ALIE5368,"Aenean cursus, purus eu porta tinciduntEx diam mollis diam, in fermentum mauris odio vitae nisi"
28,MERC1397,In non lobortis lorem
29,PLUT5471,In non lobortis lorem
30,MART6689,"Aenean cursus, purus eu porta tinciduntEx diam mollis diam, in fermentum mauris odio vitae nisi"
31,MERC8842,Quisque semper velit ac tristique egestas
32,PLUT8983,Suspendisse potenti
33,PLUT5230,"Aenean cursus, purus eu porta tinciduntEx diam mollis diam, in fermentum mauris odio vitae nisi"
34,MART2744,"Aenean cursus, purus eu porta tinciduntEx diam mollis diam, in fermentum mauris odio vitae nisi"
35,MERC8708,Donec venenatis porta quam id scelerisque
36,URAN1758,In non lobortis lorem
37,PLUT5435,"Aenean cursus, purus eu porta tinciduntEx diam mollis diam, in fermentum mauris odio vitae nisi"
38,PLUT5230,Integer imperdiet ante maximus est dignissim consequat
39,MART3245,Fusce nec purus tellus
40,SOLA5426,"Aenean cursus, purus eu porta tinciduntEx diam mollis diam, in fermentum mauris odio vitae nisi"
41,MART5588,"Aenean cursus, purus eu porta tinciduntEx diam mollis diam, in fermentum mauris odio vitae nisi"
42,ALIE2450,"Aenean cursus, purus eu porta tinciduntEx diam mollis diam, in fermentum mauris odio vitae nisi"
43,SOLA7121,"Nulla diam lectus, fermentum eget luctus vel, elementum vel"
44,PLUT2244,"Sed laoreet purus nibh, eget pretium sem viverra ac"
45,MART8186,Integer imperdiet ante maximus est dignissim consequat
46,ALIE8319,Lorem ipsum dolor sit amet
47,SOLA7121,Suspendisse pulvinar ante non ligula convallis tincidunt in nec
48,MERC8771,Donec venenatis porta quam id scelerisque
49,PLUT2244,Integer imperdiet ante maximus est dignissim consequat
50,MART8036,Suspendisse pulvinar ante non ligula convallis tincidunt in nec
51,ALIE8471,Fusce nec purus tellus
52,MART9265,Suspendisse potenti
53,MART9206,Lorem ipsum dolor sit amet
54,SOLA3779,Lorem ipsum dolor sit amet
55,MERC4466,"Aenean cursus, purus eu porta tinciduntEx diam mollis diam, in fermentum mauris odio vitae nisi"
56,SOLA7988,"Aenean cursus, purus eu porta tinciduntEx diam mollis diam, in fermentum mauris odio vitae nisi"
57,SOLA4316,Suspendisse pulvinar ante non ligula convallis tincidunt in nec
58,SOLA4316,Integer imperdiet ante maximus est dignissim consequat
59,ALIE7923,"Sed laoreet purus nibh, eget pretium sem viverra ac"
60,ALIE2388,Fusce nec purus tellus
61,ALIE2906,"Aenean cursus, purus eu porta tinciduntEx diam mollis diam, in fermentum mauris odio vitae nisi"
62,PLUT9373,Suspendisse pulvinar ante non ligula convallis tincidunt in nec
63,SOLA8449,Lorem ipsum dolor sit amet
64,PLUT8983,"Nulla diam lectus, fermentum eget luctus vel, elementum vel"
65,MART1715,Etiam vel sem urna
66,ALIE5370,Lorem ipsum dolor sit amet
67,URAN1927,Etiam vel sem urna
68,ALIE4347,Fusce nec purus tellus
69,URAN6055,In non lobortis lorem
70,ALIE8722,Quisque semper velit ac tristique egestas
71,URAN9905,Lorem ipsum dolor sit amet
72,PLUT9333,In non lobortis lorem
73,MART5299,Integer imperdiet ante maximus est dignissim consequat
74,MART3123,Integer imperdiet ante maximus est dignissim consequat
75,ALIE9300,Etiam eu arcu id arcu porta varius ac et nibh
76,MERC2971,Fusce nec purus tellus
77,MART1750,In non lobortis lorem
78,MART8887,"Nulla diam lectus, fermentum eget luctus vel, elementum vel"
79,ALIE9300,"Nulla diam lectus, fermentum eget luctus vel, elementum vel"
80,MERC9022,Etiam vel sem urna
81,ALIE1422,"Aenean cursus, purus eu porta tinciduntEx diam mollis diam, in fermentum mauris odio vitae nisi"
82,MERC5246,Integer imperdiet ante maximus est dignissim consequat
83,URAN1300,"Nulla diam lectus, fermentum eget luctus vel, elementum vel"
84,SOLA3513,"Nulla diam lectus, fermentum eget luctus vel, elementum vel"
85,PLUT9333,"Sed laoreet purus nibh, eget pretium sem viverra ac"
86,MERC9728,Quisque semper velit ac tristique egestas
87,URAN8964,Lorem ipsum dolor sit amet
88,URAN1611,Lorem ipsum dolor sit amet
89,PLUT9467,Donec venenatis porta quam id scelerisque
90,MART2085,Donec venenatis porta quam id scelerisque
91,URAN2599,Donec venenatis porta quam id scelerisque
92,MART1586,Donec venenatis porta quam id scelerisque
93,MART7175,Suspendisse potenti
94,SOLA3513,At vero eos et accusamus et iusto odio dignissimos
95,PLUT5435,In non lobortis lorem
96,MART2744,Integer imperdiet ante maximus est dignissim consequat
97,MART3892,"Sed laoreet purus nibh, eget pretium sem viverra ac"
98,URAN3506,At vero eos et accusamus et iusto odio dignissimos
99,MART6967,Quisque semper velit ac tristique egestas
100,ALIE8471,Fusce nec purus tellus
101,MERC3417,Etiam eu arcu id arcu porta varius ac et nibh
102,ALIE3571,At vero eos et accusamus et iusto odio dignissimos
103,URAN8095,In non lobortis lorem
104,MART2085,"Nulla diam lectus, fermentum eget luctus vel, elementum vel"
105,MERC3864,Etiam eu arcu id arcu porta varius ac et nibh
106,SOLA8000,At vero eos et accusamus et iusto odio dignissimos
107,PLUT4692,Lorem ipsum dolor sit amet
108,ALIE9346,Suspendisse potenti
109,MERC9728,Integer imperdiet ante maximus est dignissim consequat
110,SOLA9752,Fusce nec purus tellus
111,MART3509,Quisque semper velit ac tristique egestas
112,PLUT5435,In non lobortis lorem
113,URAN3506,Donec venenatis porta quam id scelerisque
114,MART1750,Suspendisse pulvinar ante non ligula convallis tincidunt in nec
115,URAN3546,Integer imperdiet ante maximus est dignissim consequat
116,ALIE6735,Donec venenatis porta quam id scelerisque
117,ALIE8471,"Nulla diam lectus, fermentum eget luctus vel, elementum vel"
118,ALIE1602,Quisque semper velit ac tristique egestas
119,PLUT9551,Lorem ipsum dolor sit amet
120,MERC3417,Etiam vel sem urna
121,PLUT2430,Quisque semper velit ac tristique egestas
122,PLUT7145,Suspendisse potenti
123,MART8178,In non lobortis lorem
124,PLUT4311,Lorem ipsum dolor sit amet
125,PLUT9333,Lorem ipsum dolor sit amet
126,MART8178,Fusce nec purus tellus
127,PLUT8800,Etiam vel sem urna
128,PLUT3138,Integer imperdiet ante maximus est dignissim consequat
129,SOLA7121,Etiam eu arcu id arcu porta varius ac et nibh
130,URAN6306,Lorem ipsum dolor sit amet
131,PLUT2244,Fusce nec purus tellus
132,ALIE5370,In non lobortis lorem
133,PLUT9373,Integer imperdiet ante maximus est dignissim consequat
134,ALIE8135,Suspendisse potenti
135,MART3509,Suspendisse potenti
136,PLUT7145,Quisque semper velit ac tristique egestas
137,ALIE8135,In non lobortis lorem
138,MART7739,Fusce nec purus tellus
139,MART6689,Suspendisse potenti
140,URAN5330,Suspendisse potenti
141,SOLA5018,Fusce nec purus tellus
142,MART4314,"Sed laoreet purus nibh, eget pretium sem viverra ac"
143,SOLA8000,"Sed laoreet purus nibh, eget pretium sem viverra ac"
144,SOLA8892,Etiam vel sem urna
145,SOLA4316,Suspendisse pulvinar ante non ligula convallis tincidunt in nec
146,MART7307,Quisque semper velit ac tristique egestas
147,ALIE6886,"Sed laoreet purus nibh, eget pretium sem viverra ac"
148,PLUT4692,Etiam vel sem urna
149,URAN4916,In non lobortis lorem
150,ALIE6886,Suspendisse pulvinar ante non ligula convallis tincidunt in nec
151,MART2093,Suspendisse pulvinar ante non ligula convallis tincidunt in nec
152,MERC6180,"Sed laoreet purus nibh, eget pretium sem viverra ac"
153,URAN3552,"Sed laoreet purus nibh, eget pretium sem viverra ac"
154,MART3892,Fusce nec purus tellus
155,ALIE5370,Integer imperdiet ante maximus est dignissim consequat
156,SOLA5612,Fusce nec purus tellus
157,MART3505,Etiam vel sem urna
158,ALIE9006,Suspendisse potenti
159,SOLA8449,Lorem ipsum dolor sit amet
160,ALIE6913,"Aenean cursus, purus eu porta tinciduntEx diam mollis diam, in fermentum mauris odio vitae nisi"
161,URAN3546,"Sed laoreet purus nibh, eget pretium sem viverra ac"
162,ALIE3571,Etiam vel sem urna
163,MERC1090,In non lobortis lorem
164,URAN1375,Etiam vel sem urna
165,ALIE5304,At vero eos et accusamus et iusto odio dignissimos
166,MART9206,Etiam eu arcu id arcu porta varius ac et nibh
167,SOLA8000,Quisque semper velit ac tristique egestas
168,MART3892,Fusce nec purus tellus
169,URAN1300,Lorem ipsum dolor sit amet
170,ALIE1570,"Sed laoreet purus nibh, eget pretium sem viverra ac"
171,MART9206,In non lobortis lorem
172,URAN7120,Fusce nec purus tellus
173,ALIE6267,"Nulla diam lectus, fermentum eget luctus vel, elementum vel"
174,PLUT9467,Lorem ipsum dolor sit amet
175,MART9265,"Sed laoreet purus nibh, eget pretium sem viverra ac"
176,SOLA5612,Quisque semper velit ac tristique egestas
177,SOLA8892,"Aenean cursus, purus eu porta tinciduntEx diam mollis diam, in fermentum mauris odio vitae nisi"
178,URAN1300,Etiam eu arcu id arcu porta varius ac et nibh
179,MERC2900,"Nulla diam lectus, fermentum eget luctus vel, elementum vel"
180,ALIE2388,Etiam eu arcu id arcu porta varius ac et nibh
181,MART2993,Suspendisse pulvinar ante non ligula convallis tincidunt in nec
182,PLUT1203,Etiam vel sem urna
183,URAN5253,Etiam eu arcu id arcu porta varius ac et nibh
184,ALIE9533,Etiam vel sem urna
185,MART7658,Suspendisse pulvinar ante non ligula convallis tincidunt in nec
186,MERC2900,Quisque semper velit ac tristique egestas
187,ALIE9300,Integer imperdiet ante maximus est dignissim consequat
188,MERC8708,Integer imperdiet ante maximus est dignissim consequat
189,ALIE9313,Donec venenatis porta quam id scelerisque
190,SOLA7239,"Sed laoreet purus nibh, eget pretium sem viverra ac"
191,ALIE6499,Integer imperdiet ante maximus est dignissim consequat
192,URAN9905,Donec venenatis porta quam id scelerisque
193,PLUT9467,In non lobortis lorem
194,MERC8836,Quisque semper velit ac tristique egestas
195,MART7658,Suspendisse pulvinar ante non ligula convallis tincidunt in nec
196,URAN8045,"Aenean cursus, purus eu porta tinciduntEx diam mollis diam, in fermentum mauris odio vitae nisi"
197,MERC8842,Etiam eu arcu id arcu porta varius ac et nibh
198,MART8887,Quisque semper velit ac tristique egestas
199,PLUT4600,In non lobortis lorem
200,SOLA7121,At vero eos et accusamus et iusto odio dignissimos
